{
	"partitions" : [
		{
			"name" : "Top",
			"pins" : [
				{
					"name" : "rowwrite[0]",
					"strict" : false
				},
				{
					"name" : "rowwrite[1]",
					"strict" : false
				},
				{
					"name" : "rowwrite[2]",
					"strict" : false
				},
				{
					"name" : "rowwrite[3]",
					"strict" : false
				},
				{
					"name" : "grounds[0]",
					"strict" : false
				},
				{
					"name" : "grounds[1]",
					"strict" : false
				},
				{
					"name" : "grounds[2]",
					"strict" : false
				},
				{
					"name" : "grounds[3]",
					"strict" : false
				},
				{
					"name" : "display[0]",
					"strict" : false
				},
				{
					"name" : "display[1]",
					"strict" : false
				},
				{
					"name" : "display[2]",
					"strict" : false
				},
				{
					"name" : "display[3]",
					"strict" : false
				},
				{
					"name" : "display[4]",
					"strict" : false
				},
				{
					"name" : "display[5]",
					"strict" : false
				},
				{
					"name" : "display[6]",
					"strict" : false
				},
				{
					"name" : "CLK",
					"strict" : false
				},
				{
					"name" : "colread[1]",
					"strict" : false
				},
				{
					"name" : "colread[0]",
					"strict" : false
				},
				{
					"name" : "colread[2]",
					"strict" : false
				},
				{
					"name" : "colread[3]",
					"strict" : false
				}
			]
		}
	]
}